"","Mean","Median","Mode","ESS","HDImass","HDIlow","HDIhigh","CompVal","PcntGtCompVal","ROPElow","ROPEhigh","PcntLtROPE","PcntInROPE","PcntGtROPE"
"a[1] RRp-POR",-1.29695995258745,-1.29641,-1.33287845068101,11000,0.95,-2.30168,-0.293561,NA,NA,NA,NA,NA,NA,NA
"a[2] Rsr2000",0.722364587203227,0.717576,0.710698491827531,10026.5,0.95,-0.564304,1.97619,NA,NA,NA,NA,NA,NA,NA
"a[3] SrvyUSA",-0.375053988647573,-0.387111,-0.334076452521578,10531.4,0.95,-1.42931,0.804727,NA,NA,NA,NA,NA,NA,NA
"a[4] YouGov",-0.809733786403327,-0.7972155,-0.72503170265751,11000,0.95,-1.95964,0.290272,NA,NA,NA,NA,NA,NA,NA
"a[5] ZIn-JZA",-1.40162505733291,-1.37395,-1.35915534955212,11687.2,0.95,-2.75224,-0.131944,NA,NA,NA,NA,NA,NA,NA
"ySigma",3.93392651636364,3.925725,3.90828177132968,9791.4,0.95,3.37244,4.51132,NA,NA,NA,NA,NA,NA,NA
"nuY",7.74995904090909,6.74916,5.48742950091005,7214,0.95,2.87328,15.0851,NA,NA,NA,NA,NA,NA,NA
"a0",-0.636359324004,-0.6349225,-0.57125044340602,11000,0.95,-2.34669,1.23846,NA,NA,NA,NA,NA,NA,NA
"aSigma",1.57334730328182,1.272755,0.95556669183886,6298.1,0.95,0.0528095,3.67645,NA,NA,NA,NA,NA,NA,NA
